age,j,femmesLong,hommesLong,structure
1,1,0,0,Personne vivant seule
1,2,.0004647955919011,-.0004806035313892,Famille monoparentale
1,3,.0000598287549102,-.0000622755422218,Famille monoparentale avec isolé(s)
1,4,0,0,Couple sans isolé sans enfant
1,5,2.69975284469e-06,-2.97978960012e-06,Couple sans enfant avec isolé(s)
1,6,.0045335389466463,-.0047080001909297,Couple sans isolé avec enfant
1,7,.0000807773691231,-.000084086826053,Couple avec enfant avec isolé(s)
1,8,.0001963982589027,-.0002099245455355,Autre cas
1,9,.0000343947399485,-.0000366245062944,Hors logement ordinaire
2,1,0,0,Personne vivant seule
2,2,.0005787227255369,-.0005861934805259,Famille monoparentale
2,3,.0000633416971945,-.000060829638158,Famille monoparentale avec isolé(s)
2,4,0,0,Couple sans isolé sans enfant
2,5,3.33036192929e-06,-3.53429847085e-06,Couple sans enfant avec isolé(s)
2,6,.0045105637506506,-.0046998123493404,Couple sans isolé avec enfant
2,7,.0000803421240263,-.0000852129889019,Couple avec enfant avec isolé(s)
2,8,.000184212599358,-.00020132371741,Autre cas
2,9,.0000314754094116,-.0000322991265488,Hors logement ordinaire
3,1,0,0,Personne vivant seule
3,2,.0006936736025638,-.0007102628476076,Famille monoparentale
3,3,.0000632848476276,-.0000680535938367,Famille monoparentale avec isolé(s)
3,4,0,0,Couple sans isolé sans enfant
3,5,4.34282564443e-06,-3.02746503056e-06,Couple sans enfant avec isolé(s)
3,6,.00458888500793,-.0047918328482841,Couple sans isolé avec enfant
3,7,.0000825497822073,-.0000892494585469,Couple avec enfant avec isolé(s)
3,8,.0001818330389152,-.0001885074487806,Autre cas
3,9,.0000281903165819,-.000030116283655,Hors logement ordinaire
4,1,0,0,Personne vivant seule
4,2,.000786493304149,-.0008200438731479,Famille monoparentale
4,3,.0000645941924143,-.0000690789915803,Famille monoparentale avec isolé(s)
4,4,0,0,Couple sans isolé sans enfant
4,5,3.41443311420e-06,-4.25273863235e-06,Couple sans enfant avec isolé(s)
4,6,.0046164764489157,-.0048220936621872,Couple sans isolé avec enfant
4,7,.000087979216637,-.0000875725467193,Couple avec enfant avec isolé(s)
4,8,.0001728820896475,-.0001751306554533,Autre cas
4,9,.0000288428834357,-.0000274754859167,Hors logement ordinaire
5,1,0,0,Personne vivant seule
5,2,.0008941323944204,-.000922598386283,Famille monoparentale
5,3,.0000660548352547,-.0000655886086479,Famille monoparentale avec isolé(s)
5,4,0,0,Couple sans isolé sans enfant
5,5,4.56932153793e-06,-4.66768031239e-06,Couple sans enfant avec isolé(s)
5,6,.0046639853913349,-.0048320582783355,Couple sans isolé avec enfant
5,7,.0000888056408964,-.000088421831122,Couple avec enfant avec isolé(s)
5,8,.0001688257677727,-.0001736078991973,Autre cas
5,9,.0000280176623417,-.0000305916843982,Hors logement ordinaire
6,1,0,0,Personne vivant seule
6,2,.0009718928262105,-.0010148073310133,Famille monoparentale
6,3,.0000674993857573,-.0000706928876182,Famille monoparentale avec isolé(s)
6,4,0,0,Couple sans isolé sans enfant
6,5,5.09675918632e-06,-6.23720962481e-06,Couple sans enfant avec isolé(s)
6,6,.0046560294598835,-.0048696705834536,Couple sans isolé avec enfant
6,7,.0000878901823946,-.0000884102506547,Couple avec enfant avec isolé(s)
6,8,.0001640880030736,-.0001682462932192,Autre cas
6,9,.000028207160898,-.0000303919589357,Hors logement ordinaire
7,1,0,0,Personne vivant seule
7,2,.0010428672545409,-.0011028644526123,Famille monoparentale
7,3,.0000656386904092,-.0000692648806403,Famille monoparentale avec isolé(s)
7,4,0,0,Couple sans isolé sans enfant
7,5,5.28610734695e-06,-5.11631062467e-06,Couple sans enfant avec isolé(s)
7,6,.0046415373321962,-.0048896691481584,Couple sans isolé avec enfant
7,7,.0000872030245345,-.000091372594356,Couple avec enfant avec isolé(s)
7,8,.000157825827766,-.0001649845117198,Autre cas
7,9,.0000281239920872,-.000031766725843,Hors logement ordinaire
8,1,0,0,Personne vivant seule
8,2,.0011003936019919,-.0011629643709328,Famille monoparentale
8,3,.0000709893175027,-.0000745577557928,Famille monoparentale avec isolé(s)
8,4,0,0,Couple sans isolé sans enfant
8,5,5.58404118826e-06,-6.06139707534e-06,Couple sans enfant avec isolé(s)
8,6,.0046544339121185,-.0048317296637755,Couple sans isolé avec enfant
8,7,.0000857088434576,-.0000905539906719,Couple avec enfant avec isolé(s)
8,8,.0001501240650131,-.00016343438345,Autre cas
8,9,.0000289409414188,-.0000297422495998,Hors logement ordinaire
9,1,0,0,Personne vivant seule
9,2,.0011427919488223,-.0012045066655548,Famille monoparentale
9,3,.000069970085982,-.0000701498088191,Famille monoparentale avec isolé(s)
9,4,0,0,Couple sans isolé sans enfant
9,5,6.82540712776e-06,-5.88708848267e-06,Couple sans enfant avec isolé(s)
9,6,.0046265828881899,-.0048197867428577,Couple sans isolé avec enfant
9,7,.0000883324960884,-.0000943839670488,Couple avec enfant avec isolé(s)
9,8,.0001521491428391,-.000161880645684,Autre cas
9,9,.0000299765660686,-.0000335683156891,Hors logement ordinaire
10,1,0,0,Personne vivant seule
10,2,.0011897391633782,-.0012644807026915,Famille monoparentale
10,3,.0000734909992374,-.0000756335360891,Famille monoparentale avec isolé(s)
10,4,0,0,Couple sans isolé sans enfant
10,5,5.82888535466e-06,-6.94467090169e-06,Couple sans enfant avec isolé(s)
10,6,.0045580442682864,-.0047897560343444,Couple sans isolé avec enfant
10,7,.0000896058963076,-.0000939036032482,Couple avec enfant avec isolé(s)
10,8,.0001489813586394,-.0001561995992824,Autre cas
10,9,.0000299300938036,-.0000358028946967,Hors logement ordinaire
11,1,0,0,Personne vivant seule
11,2,.0012313092812009,-.0012947585113063,Famille monoparentale
11,3,.0000726812688983,-.0000724274009911,Famille monoparentale avec isolé(s)
11,4,0,0,Couple sans isolé sans enfant
11,5,4.88635563055e-06,-6.44671080650e-06,Couple sans enfant avec isolé(s)
11,6,.0045180105927266,-.0047527701272319,Couple sans isolé avec enfant
11,7,.0000938854053709,-.0000905962518579,Couple avec enfant avec isolé(s)
11,8,.0001496214426519,-.0001553712198791,Autre cas
11,9,.0000293546799334,-.000037502065085,Hors logement ordinaire
12,1,0,0,Personne vivant seule
12,2,.0012573582640965,-.0013253237260649,Famille monoparentale
12,3,.0000757275333888,-.0000758941718018,Famille monoparentale avec isolé(s)
12,4,0,0,Couple sans isolé sans enfant
12,5,7.45992650004e-06,-6.68042569262e-06,Couple sans enfant avec isolé(s)
12,6,.0044652618648297,-.0046481950481412,Couple sans isolé avec enfant
12,7,.0000902631254275,-.0000942219909019,Couple avec enfant avec isolé(s)
12,8,.0001497919913525,-.0001597514940477,Autre cas
12,9,.0000318895991133,-.0000358836571767,Hors logement ordinaire
13,1,0,0,Personne vivant seule
13,2,.0013165377608578,-.0013595073104793,Famille monoparentale
13,3,.0000753632750528,-.0000745747505046,Famille monoparentale avec isolé(s)
13,4,0,0,Couple sans isolé sans enfant
13,5,6.53875296243e-06,-8.71031618032e-06,Couple sans enfant avec isolé(s)
13,6,.0043869819663622,-.0045401607180239,Couple sans isolé avec enfant
13,7,.0000890539441634,-.0000954671167334,Couple avec enfant avec isolé(s)
13,8,.000144964290037,-.0001537782288406,Autre cas
13,9,.0000326236804254,-.0000392893673414,Hors logement ordinaire
14,1,0,0,Personne vivant seule
14,2,.0013639591729914,-.0013996737854242,Famille monoparentale
14,3,.0000746531066537,-.0000806406594504,Famille monoparentale avec isolé(s)
14,4,0,0,Couple sans isolé sans enfant
14,5,7.35555189839e-06,-8.09805536863e-06,Couple sans enfant avec isolé(s)
14,6,.004317016693042,-.0045299144107677,Couple sans isolé avec enfant
14,7,.0000965081556277,-.0000958665676584,Couple avec enfant avec isolé(s)
14,8,.0001479087366525,-.0001543715397967,Autre cas
14,9,.0000371223159939,-.0000440542032629,Hors logement ordinaire
15,1,7.73981285980e-06,-9.57704648192e-06,Personne vivant seule
15,2,.0014150207621544,-.0014637886668076,Famille monoparentale
15,3,.0000799169554401,-.0000797068526757,Famille monoparentale avec isolé(s)
15,4,2.26044706455e-07,-4.54646139463e-07,Couple sans isolé sans enfant
15,5,9.59900425114e-06,-9.55990137444e-06,Couple sans enfant avec isolé(s)
15,6,.0042657788401425,-.0044575205480131,Couple sans isolé avec enfant
15,7,.0001070296869775,-.000110524732176,Couple avec enfant avec isolé(s)
15,8,.0001591404364015,-.0001700200598645,Autre cas
15,9,.0000427725312812,-.0000492013450019,Hors logement ordinaire
16,1,.0000143736158917,-.000016584432382,Personne vivant seule
16,2,.0014601295399227,-.0015106116545321,Famille monoparentale
16,3,.0000850785351643,-.000084711118519,Famille monoparentale avec isolé(s)
16,4,1.86295128334e-06,-1.94897761207e-06,Couple sans isolé sans enfant
16,5,.0000127085853228,-.0000143263916483,Couple sans enfant avec isolé(s)
16,6,.0041963407036793,-.0044314086997235,Couple sans isolé avec enfant
16,7,.0001028550037029,-.0001114887684823,Couple avec enfant avec isolé(s)
16,8,.0001734468254244,-.0001802290689921,Autre cas
16,9,.0000474265255868,-.0000633576391366,Hors logement ordinaire
17,1,.0000203786145872,-.0000306731988566,Personne vivant seule
17,2,.0014954287594884,-.0015333774997418,Famille monoparentale
17,3,.0000865098508472,-.0000895272393672,Famille monoparentale avec isolé(s)
17,4,5.24444774370e-06,-2.23879008668e-06,Couple sans isolé sans enfant
17,5,.0000121048970648,-.0000131522525776,Couple sans enfant avec isolé(s)
17,6,.0041123895345294,-.0043276871161147,Couple sans isolé avec enfant
17,7,.0001112312910788,-.0001168590974098,Couple avec enfant avec isolé(s)
17,8,.0001827509037478,-.0001989333284782,Autre cas
17,9,.0000504660222717,-.0000820871650968,Hors logement ordinaire
18,1,.000074861855857,-.0000860272311113,Personne vivant seule
18,2,.0015222626574359,-.0015710197336002,Famille monoparentale
18,3,.0000858962364743,-.0000894236167439,Famille monoparentale avec isolé(s)
18,4,7.79109778654e-06,-2.94895848580e-06,Couple sans isolé sans enfant
18,5,.0000247336222817,-.0000274613487228,Couple sans enfant avec isolé(s)
18,6,.0039671951391025,-.0042333163838856,Couple sans isolé avec enfant
18,7,.0001107703283208,-.0001147780723911,Couple avec enfant avec isolé(s)
18,8,.0001663522100301,-.0001624536532233,Autre cas
18,9,.0000732727751062,-.0001254495482335,Hors logement ordinaire
19,1,.0008286956854089,-.0006753328494353,Personne vivant seule
19,2,.0011641336973418,-.0013033121151885,Famille monoparentale
19,3,.0000918792774006,-.0000920725358489,Famille monoparentale avec isolé(s)
19,4,.0001274663542971,-.0000407868571233,Couple sans isolé sans enfant
19,5,.000042645446932,-.0000453676087329,Couple sans enfant avec isolé(s)
19,6,.0027791939481979,-.0031300069104574,Couple sans isolé avec enfant
19,7,.0001201123063555,-.0001106843019921,Couple avec enfant avec isolé(s)
19,8,.0003811622088221,-.0003250590556873,Autre cas
19,9,.0004626338044023,-.0006288596820616,Hors logement ordinaire
20,1,.0010323944513913,-.0008628857368374,Personne vivant seule
20,2,.0010467026451624,-.0012064825639935,Famille monoparentale
20,3,.0000813754927409,-.0000842430871641,Famille monoparentale avec isolé(s)
20,4,.0002786549199305,-.0001145948904533,Couple sans isolé sans enfant
20,5,.0000439687785168,-.0000436900953225,Couple sans enfant avec isolé(s)
20,6,.0024550410264803,-.0028170798230573,Couple sans isolé avec enfant
20,7,.000107442071931,-.0001086745645254,Couple avec enfant avec isolé(s)
20,8,.0004459477045409,-.0003915022125867,Autre cas
20,9,.0003005976495857,-.0004645988743521,Hors logement ordinaire
21,1,.0011485101429568,-.0010008182768743,Personne vivant seule
21,2,.0009194099978752,-.0010612201897195,Famille monoparentale
21,3,.0000795799187221,-.0000788697503229,Famille monoparentale avec isolé(s)
21,4,.0004943481925489,-.0002332841528883,Couple sans isolé sans enfant
21,5,.0000539918985845,-.0000526469100217,Couple sans enfant avec isolé(s)
21,6,.0021304686512122,-.0025368774819792,Couple sans isolé avec enfant
21,7,.0000992949875708,-.0001052371208723,Couple avec enfant avec isolé(s)
21,8,.0005028959309995,-.0004675738512905,Autre cas
21,9,.0002090387149826,-.000368561757993,Hors logement ordinaire
22,1,.001163211170243,-.0010279659002094,Personne vivant seule
22,2,.0007942052938081,-.0009284405064574,Famille monoparentale
22,3,.0000753954597283,-.0000751456525044,Famille monoparentale avec isolé(s)
22,4,.000728529455666,-.0003972274753181,Couple sans isolé sans enfant
22,5,.0000544316555517,-.0000518780873076,Couple sans enfant avec isolé(s)
22,6,.0019179588039442,-.0022900208709845,Couple sans isolé avec enfant
22,7,.0000900288089587,-.000097743956927,Couple avec enfant avec isolé(s)
22,8,.0005172719532221,-.0004946041659955,Autre cas
22,9,.000160544680862,-.0003314672651998,Hors logement ordinaire
23,1,.0011843262724733,-.0010699596826616,Personne vivant seule
23,2,.0007363552948546,-.000836481368951,Famille monoparentale
23,3,.0000682829472481,-.0000678016810734,Famille monoparentale avec isolé(s)
23,4,.0009776538831137,-.0005855567052184,Couple sans isolé sans enfant
23,5,.0000559921611233,-.0000555663909543,Couple sans enfant avec isolé(s)
23,6,.0017847901974547,-.0021130203460466,Couple sans isolé avec enfant
23,7,.0000802315832018,-.0000913719927733,Couple avec enfant avec isolé(s)
23,8,.0005112078490245,-.0004992768093654,Autre cas
23,9,.0001347369326365,-.0003098406672632,Hors logement ordinaire
24,1,.0011378825826528,-.0011138463451374,Personne vivant seule
24,2,.0006676747014296,-.000749141033161,Famille monoparentale
24,3,.0000636233883024,-.0000625503151284,Famille monoparentale avec isolé(s)
24,4,.0012143578833606,-.0008012711836276,Couple sans isolé sans enfant
24,5,.000058761396772,-.0000613874557337,Couple sans enfant avec isolé(s)
24,6,.0017027158159906,-.0019603200030417,Couple sans isolé avec enfant
24,7,.0000716701587443,-.0000814419676313,Couple avec enfant avec isolé(s)
24,8,.0004821929129314,-.0005124720751074,Autre cas
24,9,.0001167108072697,-.0002752985395486,Hors logement ordinaire
25,1,.0011033120301548,-.0011544103158636,Personne vivant seule
25,2,.0006231026858418,-.0006547581188819,Famille monoparentale
25,3,.0000628462938259,-.000058122967112,Famille monoparentale avec isolé(s)
25,4,.0014419910689833,-.001040834205744,Couple sans isolé sans enfant
25,5,.000061008007434,-.000060241440655,Couple sans enfant avec isolé(s)
25,6,.0016727616588783,-.0018222743654538,Couple sans isolé avec enfant
25,7,.0000683539340089,-.0000768595616693,Couple avec enfant avec isolé(s)
25,8,.0004554596296936,-.0004798291440349,Autre cas
25,9,.000110443518509,-.0002614774773838,Hors logement ordinaire
26,1,.0010856042924418,-.0011940797330874,Personne vivant seule
26,2,.0005860506046302,-.0005577145546348,Famille monoparentale
26,3,.0000595020954941,-.0000552883093427,Famille monoparentale avec isolé(s)
26,4,.0015953666885896,-.0012644837106051,Couple sans isolé sans enfant
26,5,.0000519635120536,-.0000613223344044,Couple sans enfant avec isolé(s)
26,6,.001719393493694,-.0017365328861337,Couple sans isolé avec enfant
26,7,.0000646641264053,-.0000711278319236,Couple avec enfant avec isolé(s)
26,8,.000428090172731,-.0004680438377893,Autre cas
26,9,.0000905157901693,-.000225902732933,Hors logement ordinaire
27,1,.0010474562779129,-.0012353887640103,Personne vivant seule
27,2,.0005644838641741,-.0004870272316568,Famille monoparentale
27,3,.0000586398770629,-.0000485581026802,Famille monoparentale avec isolé(s)
27,4,.0016703918741546,-.0014254843911676,Couple sans isolé sans enfant
27,5,.0000526208915692,-.0000598267997663,Couple sans enfant avec isolé(s)
27,6,.0018767364009327,-.0017099617294386,Couple sans isolé avec enfant
27,7,.0000616777193953,-.0000661201069796,Couple avec enfant avec isolé(s)
27,8,.0003970307577692,-.0004520733205715,Autre cas
27,9,.0000734102367574,-.000201304466763,Hors logement ordinaire
28,1,.0009970255986259,-.0012371142536425,Personne vivant seule
28,2,.0005408097794552,-.0004168983278371,Famille monoparentale
28,3,.0000589489401845,-.0000468544204215,Famille monoparentale avec isolé(s)
28,4,.0016313551715549,-.0015341496311609,Couple sans isolé sans enfant
28,5,.0000490526036747,-.0000574729569848,Couple sans enfant avec isolé(s)
28,6,.0021083461987199,-.0017862558033525,Couple sans isolé avec enfant
28,7,.0000605383217266,-.0000637497206733,Couple avec enfant avec isolé(s)
28,8,.0003575078259373,-.0004123529192122,Autre cas
28,9,.0000640647996221,-.0001890730869316,Hors logement ordinaire
29,1,.0009325121686915,-.0012121405998561,Personne vivant seule
29,2,.0005750079522505,-.0003733927680135,Famille monoparentale
29,3,.0000611960020335,-.0000486331501243,Famille monoparentale avec isolé(s)
29,4,.0015371925869465,-.0015262224252843,Couple sans isolé sans enfant
29,5,.0000400933826446,-.0000544570724215,Couple sans enfant avec isolé(s)
29,6,.002453163035629,-.0019628304077258,Couple sans isolé avec enfant
29,7,.0000606105116528,-.0000603767967667,Couple avec enfant avec isolé(s)
29,8,.0003192667164828,-.0003754291255154,Autre cas
29,9,.0000597989765656,-.0001708890461013,Hors logement ordinaire
30,1,.0008902962518205,-.0011858760999517,Personne vivant seule
30,2,.0005845380752804,-.0003316175104837,Famille monoparentale
30,3,.0000574914556533,-.0000417120913443,Famille monoparentale avec isolé(s)
30,4,.0013549050522875,-.0014405442625454,Couple sans isolé sans enfant
30,5,.0000358146255597,-.0000511614518942,Couple sans enfant avec isolé(s)
30,6,.002765333031178,-.0022317628485522,Couple sans isolé avec enfant
30,7,.0000629294626367,-.0000608194112518,Couple avec enfant avec isolé(s)
30,8,.0002825175321699,-.0003292752481695,Autre cas
30,9,.0000581322916442,-.0001518274464804,Hors logement ordinaire
31,1,.0008248452552195,-.0011638771223123,Personne vivant seule
31,2,.0006175030035029,-.0003048141428592,Famille monoparentale
31,3,.0000563513060062,-.0000433360638927,Famille monoparentale avec isolé(s)
31,4,.001173044039776,-.0013415535254344,Couple sans isolé sans enfant
31,5,.0000353914121173,-.000043955543697,Couple sans enfant avec isolé(s)
31,6,.0030971120666216,-.0024906490083762,Couple sans isolé avec enfant
31,7,.0000635576653904,-.0000599498234323,Couple avec enfant avec isolé(s)
31,8,.0002503880519477,-.0002973242876189,Autre cas
31,9,.0000514667551238,-.0001429646290809,Hors logement ordinaire
32,1,.0007454895764557,-.0011035747714071,Personne vivant seule
32,2,.0006433530129143,-.0002726427022424,Famille monoparentale
32,3,.0000549965417243,-.0000344345948036,Famille monoparentale avec isolé(s)
32,4,.000987661662822,-.0011687252774403,Couple sans isolé sans enfant
32,5,.0000291188595078,-.0000384163204213,Couple sans enfant avec isolé(s)
32,6,.0033580037528333,-.0027598192247721,Couple sans isolé avec enfant
32,7,.0000631621247531,-.000059861691564,Couple avec enfant avec isolé(s)
32,8,.000228063467662,-.0002667956190105,Autre cas
32,9,.0000468819428309,-.0001311003651035,Hors logement ordinaire
33,1,.0007144885150176,-.0010894485564083,Personne vivant seule
33,2,.0006907046414526,-.0002698444402276,Famille monoparentale
33,3,.0000499253498035,-.0000338275978407,Famille monoparentale avec isolé(s)
33,4,.0008321714799604,-.0010580609780736,Couple sans isolé sans enfant
33,5,.0000248772501557,-.0000369818464292,Couple sans enfant avec isolé(s)
33,6,.0035951097607319,-.0030205842778216,Couple sans isolé avec enfant
33,7,.0000656471125673,-.0000618972970875,Couple avec enfant avec isolé(s)
33,8,.000209790091798,-.0002525354014612,Autre cas
33,9,.0000459592653365,-.0001290955906943,Hors logement ordinaire
34,1,.000678369638998,-.001074258893559,Personne vivant seule
34,2,.0007336693784124,-.0002583957195129,Famille monoparentale
34,3,.0000560651030279,-.0000365411870879,Famille monoparentale avec isolé(s)
34,4,.0007217463097243,-.0009229985891864,Couple sans isolé sans enfant
34,5,.0000234581165229,-.0000375271811635,Couple sans enfant avec isolé(s)
34,6,.0038433806926977,-.0032768379116698,Couple sans isolé avec enfant
34,7,.0000646695406498,-.0000613848990071,Couple avec enfant avec isolé(s)
34,8,.0001950158218157,-.0002271437980812,Autre cas
34,9,.0000470508371791,-.000116411670263,Hors logement ordinaire
35,1,.0006376913675554,-.0010712714337792,Personne vivant seule
35,2,.0007678470973953,-.0002641818924945,Famille monoparentale
35,3,.0000534801020868,-.0000339569381252,Famille monoparentale avec isolé(s)
35,4,.00062360019475,-.0008063007159451,Couple sans isolé sans enfant
35,5,.000020178287542,-.000031925844472,Couple sans enfant avec isolé(s)
35,6,.0040225651132993,-.0035146772489021,Couple sans isolé avec enfant
35,7,.0000639171110647,-.0000617256956171,Couple avec enfant avec isolé(s)
35,8,.0001834320457808,-.000222463334136,Autre cas
35,9,.0000479578735228,-.0001174342104887,Hors logement ordinaire
36,1,.0006025604407552,-.0010559951430185,Personne vivant seule
36,2,.0008050874739977,-.000258579202242,Famille monoparentale
36,3,.0000548589296774,-.0000335099621654,Famille monoparentale avec isolé(s)
36,4,.0005459170663391,-.0007361560205791,Couple sans isolé sans enfant
36,5,.0000171984979419,-.0000295156033106,Couple sans enfant avec isolé(s)
36,6,.0041168576397749,-.0036372119784691,Couple sans isolé avec enfant
36,7,.0000654212182565,-.0000640389315652,Couple avec enfant avec isolé(s)
36,8,.0001666169064263,-.000200967430045,Autre cas
36,9,.0000422801358262,-.0001097001126647,Hors logement ordinaire
37,1,.000577090030039,-.0010329704668442,Personne vivant seule
37,2,.0008520357413233,-.0002677489772235,Famille monoparentale
37,3,.0000541943311692,-.0000317413089732,Famille monoparentale avec isolé(s)
37,4,.0004827832159738,-.0006520863396336,Couple sans isolé sans enfant
37,5,.0000183326317618,-.000027285235382,Couple sans enfant avec isolé(s)
37,6,.0041793524588975,-.0037866538486795,Couple sans isolé avec enfant
37,7,.000067313195906,-.0000637909290895,Couple avec enfant avec isolé(s)
37,8,.0001607469630511,-.0001943963420114,Autre cas
37,9,.0000454324292708,-.000106485405013,Hors logement ordinaire
38,1,.0005449591962557,-.0010151953518667,Personne vivant seule
38,2,.0008733095109956,-.0002695046963873,Famille monoparentale
38,3,.0000611523872864,-.0000333502419536,Famille monoparentale avec isolé(s)
38,4,.0004489392250041,-.0005987718231901,Couple sans isolé sans enfant
38,5,.0000156139290615,-.0000240715805001,Couple sans enfant avec isolé(s)
38,6,.0041818741432576,-.0038731670082316,Couple sans isolé avec enfant
38,7,.0000678892113589,-.000067383581084,Couple avec enfant avec isolé(s)
38,8,.0001515644044368,-.0001791117794883,Autre cas
38,9,.0000410404242392,-.0001060972337639,Hors logement ordinaire
39,1,.000533402040256,-.0010153562752439,Personne vivant seule
39,2,.0009046582872449,-.0002706448460344,Famille monoparentale
39,3,.0000569922923927,-.0000340528905688,Famille monoparentale avec isolé(s)
39,4,.0003964442146187,-.0005379372219747,Couple sans isolé sans enfant
39,5,.0000167304665869,-.0000250371207632,Couple sans enfant avec isolé(s)
39,6,.0040870186857531,-.0038585520072741,Couple sans isolé avec enfant
39,7,.0000700654368429,-.0000645224536751,Couple avec enfant avec isolé(s)
39,8,.000145982468788,-.0001719746021167,Autre cas
39,9,.0000393391483114,-.0001057925321171,Hors logement ordinaire
40,1,.0005281160833048,-.0010034825363386,Personne vivant seule
40,2,.0009308552594893,-.0002838285313091,Famille monoparentale
40,3,.0000595157815009,-.0000352444755383,Famille monoparentale avec isolé(s)
40,4,.0003838430118112,-.0005152626669425,Couple sans isolé sans enfant
40,5,.000017126608807,-.0000267874256825,Couple sans enfant avec isolé(s)
40,6,.004032600415417,-.0038718131463238,Couple sans isolé avec enfant
40,7,.0000735642419333,-.0000665881383346,Couple avec enfant avec isolé(s)
40,8,.0001471660827865,-.0001658528963738,Autre cas
40,9,.0000385471646626,-.0000982070252245,Hors logement ordinaire
41,1,.0005106116805506,-.000991659179986,Personne vivant seule
41,2,.0009689781579396,-.0002897058440726,Famille monoparentale
41,3,.0000583893178606,-.000033924151867,Famille monoparentale avec isolé(s)
41,4,.0003683203729272,-.000485283694543,Couple sans isolé sans enfant
41,5,.0000165161527435,-.0000215738090531,Couple sans enfant avec isolé(s)
41,6,.0040321326848534,-.0039172200083291,Couple sans isolé avec enfant
41,7,.0000771768965532,-.000070535724133,Couple avec enfant avec isolé(s)
41,8,.0001347531753699,-.0001590091409732,Autre cas
41,9,.0000382086239878,-.0001037888104776,Hors logement ordinaire
42,1,.0005207364680976,-.0010130299548716,Personne vivant seule
42,2,.0010271402279284,-.0003195291569437,Famille monoparentale
42,3,.0000629287106583,-.0000371838278269,Famille monoparentale avec isolé(s)
42,4,.0003898192849319,-.0004810909637869,Couple sans isolé sans enfant
42,5,.0000167390391406,-.0000239568285965,Couple sans enfant avec isolé(s)
42,6,.0040945953193006,-.0040424402031512,Couple sans isolé avec enfant
42,7,.000072716611883,-.0000724442453073,Couple avec enfant avec isolé(s)
42,8,.0001344771992978,-.0001561953882033,Autre cas
42,9,.0000401810633259,-.0000989561461047,Hors logement ordinaire
43,1,.0005507187492021,-.0010606465805974,Personne vivant seule
43,2,.0011046413775669,-.0003440069561744,Famille monoparentale
43,3,.0000636495571507,-.0000368914586257,Famille monoparentale avec isolé(s)
43,4,.0004176618867025,-.0004830510706792,Couple sans isolé sans enfant
43,5,.0000175893763132,-.0000248149863444,Couple sans enfant avec isolé(s)
43,6,.004147595358378,-.004118815039545,Couple sans isolé avec enfant
43,7,.0000771593002587,-.00007515242031,Couple avec enfant avec isolé(s)
43,8,.0001438797867914,-.0001597878898022,Autre cas
43,9,.0000412353370399,-.0000981838642899,Hors logement ordinaire
44,1,.0005762825556352,-.0011072716476076,Personne vivant seule
44,2,.0011610492323486,-.0003749179306004,Famille monoparentale
44,3,.0000636976837682,-.000039953815454,Famille monoparentale avec isolé(s)
44,4,.0004586474165186,-.0005096888526605,Couple sans isolé sans enfant
44,5,.0000196467892102,-.0000257749619673,Couple sans enfant avec isolé(s)
44,6,.0042055853757093,-.0042329501704058,Couple sans isolé avec enfant
44,7,.0000845470368326,-.0000780075318917,Couple avec enfant avec isolé(s)
44,8,.0001408607439189,-.0001560416838188,Autre cas
44,9,.0000425891989478,-.0000967496910891,Hors logement ordinaire
45,1,.0006135745179558,-.0011360220377003,Personne vivant seule
45,2,.0012263352448891,-.0003958963231579,Famille monoparentale
45,3,.0000706745393453,-.0000383108930499,Famille monoparentale avec isolé(s)
45,4,.0005046994759894,-.0005323246056073,Couple sans isolé sans enfant
45,5,.000023384873827,-.0000257854896649,Couple sans enfant avec isolé(s)
45,6,.0041539501774243,-.0042545026232724,Couple sans isolé avec enfant
45,7,.0000852412632896,-.0000793940296621,Couple avec enfant avec isolé(s)
45,8,.0001525794248784,-.0001602724646819,Autre cas
45,9,.000044501480014,-.0000999475544247,Hors logement ordinaire
46,1,.0006561112288114,-.0011807636996147,Personne vivant seule
46,2,.0012371723063748,-.00041270980816,Famille monoparentale
46,3,.0000701252943233,-.0000398907996642,Famille monoparentale avec isolé(s)
46,4,.0005835657672117,-.0005660118842789,Couple sans isolé sans enfant
46,5,.0000265967239607,-.0000297923313611,Couple sans enfant avec isolé(s)
46,6,.0040511100628937,-.0042124471785915,Couple sans isolé avec enfant
46,7,.0000881945832502,-.0000841638286409,Couple avec enfant avec isolé(s)
46,8,.0001582854369629,-.0001679217393426,Autre cas
46,9,.0000452148067224,-.0000999758288124,Hors logement ordinaire
47,1,.0006842234900355,-.0011740470285633,Personne vivant seule
47,2,.0012472973947133,-.0004304903373819,Famille monoparentale
47,3,.0000764509366078,-.0000399443405262,Famille monoparentale avec isolé(s)
47,4,.0006860178608889,-.0006144486176457,Couple sans isolé sans enfant
47,5,.0000327621948464,-.0000290349387186,Couple sans enfant avec isolé(s)
47,6,.0038563114124393,-.0041054972013242,Couple sans isolé avec enfant
47,7,.0000871711406504,-.0000881360793308,Couple avec enfant avec isolé(s)
47,8,.0001620335980901,-.0001723370557046,Autre cas
47,9,.0000420274710844,-.0001052407303686,Hors logement ordinaire
48,1,.0007287218117403,-.0011836177584267,Personne vivant seule
48,2,.0011760963200937,-.0004334623064067,Famille monoparentale
48,3,.0000686826989645,-.0000413943052733,Famille monoparentale avec isolé(s)
48,4,.0008263099587432,-.0006743963355384,Couple sans isolé sans enfant
48,5,.0000388405866335,-.0000338342152506,Couple sans enfant avec isolé(s)
48,6,.0036514454255874,-.0039400787980687,Couple sans isolé avec enfant
48,7,.0000881254012375,-.0000907371726096,Couple avec enfant avec isolé(s)
48,8,.0001676850165428,-.0001698383818835,Autre cas
48,9,.0000440202138393,-.0000934145164981,Hors logement ordinaire
49,1,.0007884965746015,-.0011874525474654,Personne vivant seule
49,2,.0011821954664846,-.0004291291060858,Famille monoparentale
49,3,.0000737442655618,-.0000442476121068,Famille monoparentale avec isolé(s)
49,4,.0009885844907121,-.0007897952412949,Couple sans isolé sans enfant
49,5,.000038490615887,-.0000372775243353,Couple sans enfant avec isolé(s)
49,6,.0034207959042145,-.003757797730424,Couple sans isolé avec enfant
49,7,.0000887128467621,-.0000854873106215,Couple avec enfant avec isolé(s)
49,8,.0001771312187835,-.0001705363682326,Autre cas
49,9,.0000487233875321,-.0000963087309565,Hors logement ordinaire
50,1,.0008478900844148,-.0011928633328307,Personne vivant seule
50,2,.0011396802622112,-.0004310941760355,Famille monoparentale
50,3,.0000737947985102,-.000040043000092,Famille monoparentale avec isolé(s)
50,4,.0011860037858837,-.0009181316345985,Couple sans isolé sans enfant
50,5,.0000474236680689,-.000039315385794,Couple sans enfant avec isolé(s)
50,6,.0032402949198337,-.0036515782249725,Couple sans isolé avec enfant
50,7,.0000807758651663,-.0000878573961365,Couple avec enfant avec isolé(s)
50,8,.0001846824354611,-.0001767516200882,Autre cas
50,9,.0000449738728437,-.0000963706939765,Hors logement ordinaire
51,1,.0009173592023881,-.0012168625730089,Personne vivant seule
51,2,.0010979203450408,-.0004335045675927,Famille monoparentale
51,3,.0000734185085198,-.0000414469437611,Famille monoparentale avec isolé(s)
51,4,.0014191846169401,-.0010788373892334,Couple sans isolé sans enfant
51,5,.0000509465364681,-.0000438134197798,Couple sans enfant avec isolé(s)
51,6,.0029884017079244,-.003468532395297,Couple sans isolé avec enfant
51,7,.000079172948013,-.0000848436171128,Couple avec enfant avec isolé(s)
51,8,.0001898185983154,-.0001813705722004,Autre cas
51,9,.0000461104129945,-.0000984466055422,Hors logement ordinaire
52,1,.0010014165508878,-.0012465455667109,Personne vivant seule
52,2,.0010293314929803,-.0004124466157206,Famille monoparentale
52,3,.0000685151581774,-.0000410020733409,Famille monoparentale avec isolé(s)
52,4,.0016629126970076,-.0012657736543491,Couple sans isolé sans enfant
52,5,.0000574073844684,-.000049447241938,Couple sans enfant avec isolé(s)
52,6,.0027533669493255,-.003273556578732,Couple sans isolé avec enfant
52,7,.000076065923668,-.0000851980997296,Couple avec enfant avec isolé(s)
52,8,.0002017755060315,-.0001856712870545,Autre cas
52,9,.0000483732663899,-.0000977074107769,Hors logement ordinaire
53,1,.0010730734748123,-.0012592433235447,Personne vivant seule
53,2,.000951294182744,-.0004000231806064,Famille monoparentale
53,3,.0000672922909065,-.0000391764201861,Famille monoparentale avec isolé(s)
53,4,.0019044571822029,-.0014569984522689,Couple sans isolé sans enfant
53,5,.0000658099910883,-.0000506337134545,Couple sans enfant avec isolé(s)
53,6,.0024733986239249,-.0030371771323616,Couple sans isolé avec enfant
53,7,.0000718620636315,-.0000815896561887,Couple avec enfant avec isolé(s)
53,8,.0002086900977973,-.0001878393911718,Autre cas
53,9,.0000432956074549,-.0000915106575899,Hors logement ordinaire
54,1,.0011492502400961,-.0012466204637593,Personne vivant seule
54,2,.0008703277662516,-.0003886816920113,Famille monoparentale
54,3,.0000615364978522,-.0000381809511827,Famille monoparentale avec isolé(s)
54,4,.002172139684536,-.0016722653531355,Couple sans isolé sans enfant
54,5,.000065984750868,-.0000556755782177,Couple sans enfant avec isolé(s)
54,6,.002184587634146,-.0027781829884396,Couple sans isolé avec enfant
54,7,.0000670997844366,-.0000790960958208,Couple avec enfant avec isolé(s)
54,8,.0002116309349164,-.0001901287142068,Autre cas
54,9,.0000487406830352,-.0000881487125679,Hors logement ordinaire
55,1,.001222662131206,-.0012684198663318,Personne vivant seule
55,2,.0008021072332105,-.000365653255945,Famille monoparentale
55,3,.0000614846113427,-.0000360077336123,Famille monoparentale avec isolé(s)
55,4,.0024140263199024,-.0018922273063283,Couple sans isolé sans enfant
55,5,.0000706518295977,-.0000654412208819,Couple sans enfant avec isolé(s)
55,6,.0019244972561153,-.0025270074647134,Couple sans isolé avec enfant
55,7,.0000645096700424,-.0000727909073488,Couple avec enfant avec isolé(s)
55,8,.0002117359111008,-.0001928779472301,Autre cas
55,9,.0000472179267792,-.0000972775799245,Hors logement ordinaire
56,1,.0012831004398057,-.0012415220502205,Personne vivant seule
56,2,.0007154483402449,-.000339842950993,Famille monoparentale
56,3,.0000600913457668,-.000033312492638,Famille monoparentale avec isolé(s)
56,4,.0026196489474183,-.002078067487731,Couple sans isolé sans enfant
56,5,.0000772624716949,-.0000658797746836,Couple sans enfant avec isolé(s)
56,6,.0016721104455855,-.0022744141609156,Couple sans isolé avec enfant
56,7,.0000595655624709,-.0000689780760793,Couple avec enfant avec isolé(s)
56,8,.0002130454062831,-.0001993783492942,Autre cas
56,9,.0000462301279555,-.0000899324053281,Hors logement ordinaire
57,1,.0013454450136443,-.0012378736014289,Personne vivant seule
57,2,.0006511639629306,-.0003045535071465,Famille monoparentale
57,3,.0000533276008677,-.0000306360511237,Famille monoparentale avec isolé(s)
57,4,.0027877131114695,-.0022940206440837,Couple sans isolé sans enfant
57,5,.0000778598433344,-.0000686642002959,Couple sans enfant avec isolé(s)
57,6,.0014345127942103,-.0020243232908308,Couple sans isolé avec enfant
57,7,.0000551153543112,-.0000629374336077,Couple avec enfant avec isolé(s)
57,8,.0002128315436267,-.000199441816271,Autre cas
57,9,.0000425771672934,-.000084791880999,Hors logement ordinaire
58,1,.0014180531902424,-.0012270951942582,Personne vivant seule
58,2,.0005844714499943,-.0002850783194067,Famille monoparentale
58,3,.0000527759495148,-.0000298744474022,Famille monoparentale avec isolé(s)
58,4,.0029684575864556,-.0024926542339725,Couple sans isolé sans enfant
58,5,.0000770798913399,-.0000702621543918,Couple sans enfant avec isolé(s)
58,6,.0012279489905314,-.0017743956000584,Couple sans isolé avec enfant
58,7,.0000531635191812,-.0000615425136793,Couple avec enfant avec isolé(s)
58,8,.0002104855214205,-.0002031459114641,Autre cas
58,9,.0000418423340028,-.0000825255685029,Hors logement ordinaire
59,1,.0014779872221283,-.0012168263276501,Personne vivant seule
59,2,.0005261678576711,-.0002548573603587,Famille monoparentale
59,3,.0000499301624653,-.0000281078997494,Famille monoparentale avec isolé(s)
59,4,.0031069214744285,-.0027018729725836,Couple sans isolé sans enfant
59,5,.0000778550306726,-.0000687778994297,Couple sans enfant avec isolé(s)
59,6,.0010561527576907,-.0015766161072341,Couple sans isolé avec enfant
59,7,.000050055141275,-.0000536608776937,Couple avec enfant avec isolé(s)
59,8,.0002074888875042,-.0001994974626725,Autre cas
59,9,.0000464397795328,-.0000881509685031,Hors logement ordinaire
60,1,.0015312611317383,-.0011892234565928,Personne vivant seule
60,2,.0004757639488151,-.0002328086017494,Famille monoparentale
60,3,.0000464994866177,-.0000263099193997,Famille monoparentale avec isolé(s)
60,4,.0032245281887617,-.002844486277357,Couple sans isolé sans enfant
60,5,.0000773775243898,-.0000717631032743,Couple sans enfant avec isolé(s)
60,6,.0008981255501097,-.0013671474110035,Couple sans isolé avec enfant
60,7,.0000464903124812,-.0000484155275759,Couple avec enfant avec isolé(s)
60,8,.0002062881283982,-.0002015673584109,Autre cas
60,9,.0000460699565567,-.0000817624608246,Hors logement ordinaire
61,1,.0015841623608543,-.0011599561565492,Personne vivant seule
61,2,.0004146031393706,-.0001988882097744,Famille monoparentale
61,3,.0000450823081287,-.0000258651993751,Famille monoparentale avec isolé(s)
61,4,.0033036133056979,-.0029651891875463,Couple sans isolé sans enfant
61,5,.0000764638706362,-.0000757905491786,Couple sans enfant avec isolé(s)
61,6,.000759125501539,-.0012038772596356,Couple sans isolé avec enfant
61,7,.0000439424592729,-.0000462141860134,Couple avec enfant avec isolé(s)
61,8,.0002156401829435,-.0001969058443214,Autre cas
61,9,.0000462253152937,-.0000847282636265,Hors logement ordinaire
62,1,.0016259487476643,-.0011376765405717,Personne vivant seule
62,2,.0003778127466415,-.0001806951452032,Famille monoparentale
62,3,.0000437878525143,-.0000231404808476,Famille monoparentale avec isolé(s)
62,4,.0033647053843168,-.0030783987833947,Couple sans isolé sans enfant
62,5,.0000786149800417,-.0000752161880782,Couple sans enfant avec isolé(s)
62,6,.0006476083082732,-.0010426812150853,Couple sans isolé avec enfant
62,7,.0000413872366763,-.0000427021461032,Couple avec enfant avec isolé(s)
62,8,.0002136026222761,-.0001916734282321,Autre cas
62,9,.0000446711263406,-.0000850022845547,Hors logement ordinaire
63,1,.0016696759907197,-.0011342428568105,Personne vivant seule
63,2,.0003366043304283,-.0001594892039825,Famille monoparentale
63,3,.000042436547333,-.0000211203660791,Famille monoparentale avec isolé(s)
63,4,.0034099213942046,-.0032338879134866,Couple sans isolé sans enfant
63,5,.0000779058644123,-.0000746105446764,Couple sans enfant avec isolé(s)
63,6,.0005672687409734,-.0009422472810327,Couple sans isolé avec enfant
63,7,.0000430035390451,-.0000406108941782,Couple avec enfant avec isolé(s)
63,8,.0002054773452895,-.0001957150113303,Autre cas
63,9,.00004725131462,-.000089056049703,Hors logement ordinaire
64,1,.0017045538015911,-.0010969979683377,Personne vivant seule
64,2,.0003146620519601,-.0001438463989505,Famille monoparentale
64,3,.0000413737010652,-.0000209066538183,Famille monoparentale avec isolé(s)
64,4,.0034461058427405,-.0033251028931704,Couple sans isolé sans enfant
64,5,.0000766756277531,-.0000751835522157,Couple sans enfant avec isolé(s)
64,6,.0004770511854368,-.0008176355871303,Couple sans isolé avec enfant
64,7,.0000408438570859,-.0000385578427558,Couple avec enfant avec isolé(s)
64,8,.0002017084295584,-.0001894441130732,Autre cas
64,9,.0000483076938736,-.0000791854308544,Hors logement ordinaire
65,1,.0017521090658796,-.0010902528725028,Personne vivant seule
65,2,.000289223073941,-.0001339670571526,Famille monoparentale
65,3,.0000391767209774,-.0000185379218645,Famille monoparentale avec isolé(s)
65,4,.0034935917746207,-.0034038448071656,Couple sans isolé sans enfant
65,5,.0000712254387197,-.0000702800514777,Couple sans enfant avec isolé(s)
65,6,.000414716086526,-.0007187084673918,Couple sans isolé avec enfant
65,7,.0000395487998888,-.0000310198608981,Couple avec enfant avec isolé(s)
65,8,.0001911419299003,-.0001808381714945,Autre cas
65,9,.0000553010929755,-.0000845655355012,Hors logement ordinaire
66,1,.0017979570384132,-.0010816285826513,Personne vivant seule
66,2,.0002611842058085,-.0001139436771606,Famille monoparentale
66,3,.0000360635304095,-.0000177142047272,Famille monoparentale avec isolé(s)
66,4,.0035054879224822,-.0034707920903831,Couple sans isolé sans enfant
66,5,.0000695407063167,-.000071991855103,Couple sans enfant avec isolé(s)
66,6,.0003658665170187,-.0006571051938579,Couple sans isolé avec enfant
66,7,.0000383940618607,-.0000306291329224,Couple avec enfant avec isolé(s)
66,8,.0001916638029086,-.0001811297887173,Autre cas
66,9,.0000499221914942,-.0000799670372014,Hors logement ordinaire
67,1,.0018586066529427,-.0010655759493924,Personne vivant seule
67,2,.0002428751861684,-.0001048841422122,Famille monoparentale
67,3,.0000366377411142,-.0000160484221799,Famille monoparentale avec isolé(s)
67,4,.0035259564736859,-.0035716656310072,Couple sans isolé sans enfant
67,5,.0000628240352653,-.0000689836407194,Couple sans enfant avec isolé(s)
67,6,.0003222695166219,-.0005836991681795,Couple sans isolé avec enfant
67,7,.0000376283974558,-.0000302650249821,Couple avec enfant avec isolé(s)
67,8,.000184596559528,-.0001723621717831,Autre cas
67,9,.0000572067566318,-.0000861228827635,Hors logement ordinaire
68,1,.0018853459520077,-.0010482460056265,Personne vivant seule
68,2,.0002254025169026,-.0000936410123916,Famille monoparentale
68,3,.00003556572071,-.0000153508870178,Famille monoparentale avec isolé(s)
68,4,.0034885843504681,-.0035853287777084,Couple sans isolé sans enfant
68,5,.0000638494330089,-.0000700782204756,Couple sans enfant avec isolé(s)
68,6,.0002909896215938,-.0005298369106709,Couple sans isolé avec enfant
68,7,.0000375862866655,-.0000277046889324,Couple avec enfant avec isolé(s)
68,8,.0001736250443047,-.0001739357617788,Autre cas
68,9,.0000537978881578,-.0000860067772989,Hors logement ordinaire
69,1,.0018970489918166,-.0010020770887126,Personne vivant seule
69,2,.0002184369410015,-.0000834118502429,Famille monoparentale
69,3,.0000356673881894,-.0000129344796335,Famille monoparentale avec isolé(s)
69,4,.0034013846346386,-.0036220800675608,Couple sans isolé sans enfant
69,5,.0000601390211972,-.0000620586716518,Couple sans enfant avec isolé(s)
69,6,.000253009147852,-.0004727796473445,Couple sans isolé avec enfant
69,7,.0000370596009955,-.0000240130765807,Couple avec enfant avec isolé(s)
69,8,.0001775070575868,-.0001673383545013,Autre cas
69,9,.0000635260822977,-.0000824834577126,Hors logement ordinaire
70,1,.0018605327704115,-.0009299321308078,Personne vivant seule
70,2,.0001937839308041,-.0000723467889069,Famille monoparentale
70,3,.0000321469261211,-.000012355456267,Famille monoparentale avec isolé(s)
70,4,.0031692015285207,-.0034261797687532,Couple sans isolé sans enfant
70,5,.0000541940303779,-.0000610304163903,Couple sans enfant avec isolé(s)
70,6,.000225825279158,-.0004011506970165,Couple sans isolé avec enfant
70,7,.0000322583693197,-.000023087691964,Couple avec enfant avec isolé(s)
70,8,.000161986223451,-.0001467341463947,Autre cas
70,9,.0000585810723521,-.0000834047816459,Hors logement ordinaire
71,1,.0017492489912405,-.0008491687484829,Personne vivant seule
71,2,.0001712742094368,-.0000604438732398,Famille monoparentale
71,3,.0000311749188437,-.0000113604384507,Famille monoparentale avec isolé(s)
71,4,.0028995163573178,-.0031447381672752,Couple sans isolé sans enfant
71,5,.0000444488415262,-.0000529469494026,Couple sans enfant avec isolé(s)
71,6,.0001985141757192,-.0003518242228092,Couple sans isolé avec enfant
71,7,.0000318551585026,-.0000200493984446,Couple avec enfant avec isolé(s)
71,8,.0001465544235576,-.0001303011624621,Autre cas
71,9,.0000660073102199,-.0000826452834639,Hors logement ordinaire
72,1,.0016795061531304,-.0007617724655001,Personne vivant seule
72,2,.0001681187576828,-.0000509522515039,Famille monoparentale
72,3,.000029590049172,-.0000109075970594,Famille monoparentale avec isolé(s)
72,4,.0026399194275119,-.0029094420209851,Couple sans isolé sans enfant
72,5,.0000428660773939,-.0000481777520064,Couple sans enfant avec isolé(s)
72,6,.0001741687246865,-.0003058093110712,Couple sans isolé avec enfant
72,7,.0000291465323128,-.0000176480306282,Couple avec enfant avec isolé(s)
72,8,.0001298065110718,-.0001211595114726,Autre cas
72,9,.0000604392109737,-.0000743178746839,Hors logement ordinaire
73,1,.0015661457104153,-.0006936590141829,Personne vivant seule
73,2,.0001611607015657,-.0000429254836874,Famille monoparentale
73,3,.0000274157788319,-9.40123393245e-06,Famille monoparentale avec isolé(s)
73,4,.0023435516564153,-.0026204415326499,Couple sans isolé sans enfant
73,5,.0000371155481884,-.0000425025710363,Couple sans enfant avec isolé(s)
73,6,.0001505566029877,-.0002678945602414,Couple sans isolé avec enfant
73,7,.0000287888913867,-.0000152271113735,Couple avec enfant avec isolé(s)
73,8,.0001265391649323,-.0001095364821653,Autre cas
73,9,.0000622165871154,-.0000774115138134,Hors logement ordinaire
74,1,.0014473662105726,-.0006258051458087,Personne vivant seule
74,2,.0001490227174513,-.0000359095252336,Famille monoparentale
74,3,.000025945059481,-7.62205304266e-06,Famille monoparentale avec isolé(s)
74,4,.0020443230587011,-.0023241642997524,Couple sans isolé sans enfant
74,5,.0000336747958302,-.000039361858059,Couple sans enfant avec isolé(s)
74,6,.0001310194522279,-.0002250739023427,Couple sans isolé avec enfant
74,7,.0000263533837511,-.0000138013603308,Couple avec enfant avec isolé(s)
74,8,.0001069526843896,-.0000956875967997,Autre cas
74,9,.0000614324240419,-.0000707858321482,Hors logement ordinaire
75,1,.0014373588820513,-.0005825627784244,Personne vivant seule
75,2,.0001456702473571,-.0000349475944668,Famille monoparentale
75,3,.0000251275085666,-7.21312718980e-06,Famille monoparentale avec isolé(s)
75,4,.0019294794137937,-.0022205455867884,Couple sans isolé sans enfant
75,5,.0000289194348366,-.0000348760061233,Couple sans enfant avec isolé(s)
75,6,.0001152036921644,-.0002064883050478,Couple sans isolé avec enfant
75,7,.000025221656262,-.0000122017518825,Couple avec enfant avec isolé(s)
75,8,.0001031366948108,-.0000940057219146,Autre cas
75,9,.0000745194048945,-.000071023908509,Hors logement ordinaire
76,1,.001458866216214,-.0005712039943261,Personne vivant seule
76,2,.0001434538662267,-.000035383591542,Famille monoparentale
76,3,.0000223515051124,-8.77107603488e-06,Famille monoparentale avec isolé(s)
76,4,.0018039641426482,-.0020930381744708,Couple sans isolé sans enfant
76,5,.000029570798525,-.000033196086382,Couple sans enfant avec isolé(s)
76,6,.0001123351953672,-.0001860877326913,Couple sans isolé avec enfant
76,7,.0000257575160685,-.0000129194400656,Couple avec enfant avec isolé(s)
76,8,.0001006786278233,-.0000861950726897,Autre cas
76,9,.0000751814466762,-.0000729554402223,Hors logement ordinaire
77,1,.0014734139903027,-.0005428942635746,Personne vivant seule
77,2,.0001443715806637,-.0000318732059842,Famille monoparentale
77,3,.0000252403053263,-8.13445112309e-06,Famille monoparentale avec isolé(s)
77,4,.0016737933732404,-.0019963251799275,Couple sans isolé sans enfant
77,5,.0000263057083207,-.0000308830008296,Couple sans enfant avec isolé(s)
77,6,.0001001069738451,-.0001707087216814,Couple sans isolé avec enfant
77,7,.0000266314653627,-.0000103279721102,Couple avec enfant avec isolé(s)
77,8,.0000981052073494,-.0000834353119689,Autre cas
77,9,.0000924176939336,-.0000737728407409,Hors logement ordinaire
78,1,.0014935002356888,-.0005290507924535,Personne vivant seule
78,2,.0001562529897486,-.0000309801564386,Famille monoparentale
78,3,.0000230514466053,-6.43858943981e-06,Famille monoparentale avec isolé(s)
78,4,.0015813437954227,-.0019284460450791,Couple sans isolé sans enfant
78,5,.0000272098871465,-.0000270593410712,Couple sans enfant avec isolé(s)
78,6,.0001038973961583,-.0001608904405294,Couple sans isolé avec enfant
78,7,.0000251878172341,-.0000102476608173,Couple avec enfant avec isolé(s)
78,8,.0000942379328439,-.0000765326014618,Autre cas
78,9,.0001069072648943,-.0000769297964516,Hors logement ordinaire
79,1,.0015757681763925,-.0005239723815401,Personne vivant seule
79,2,.0001684162403371,-.0000289600416701,Famille monoparentale
79,3,.0000239127626624,-6.29390879602e-06,Famille monoparentale avec isolé(s)
79,4,.0015268376940096,-.0018872656024623,Couple sans isolé sans enfant
79,5,.0000291545032839,-.0000264350486051,Couple sans enfant avec isolé(s)
79,6,.0000936190546223,-.0001551081778354,Couple sans isolé avec enfant
79,7,.0000263048059466,-9.49959270692e-06,Couple avec enfant avec isolé(s)
79,8,.0000942528220162,-.0000758738683851,Autre cas
79,9,.0001365210765837,-.0000801282613699,Hors logement ordinaire
80,1,.0016450536612409,-.0005257193777545,Personne vivant seule
80,2,.0001690624905724,-.0000313394517172,Famille monoparentale
80,3,.0000225190458994,-4.99704685074e-06,Famille monoparentale avec isolé(s)
80,4,.0014401120253622,-.0017874785202277,Couple sans isolé sans enfant
80,5,.0000267758452151,-.0000248385984661,Couple sans enfant avec isolé(s)
80,6,.0000887699971203,-.0001368175064682,Couple sans isolé avec enfant
80,7,.0000261780223887,-9.76759780798e-06,Couple avec enfant avec isolé(s)
80,8,.0000911236895062,-.0000687774482427,Autre cas
80,9,.0001455464717128,-.0000855110731389,Hors logement ordinaire
81,1,.0016897130567185,-.0005193520758668,Personne vivant seule
81,2,.0001790520724035,-.0000300449961028,Famille monoparentale
81,3,.000024279577725,-5.71729176039e-06,Famille monoparentale avec isolé(s)
81,4,.0013150307961481,-.0016888655770639,Couple sans isolé sans enfant
81,5,.0000270178318636,-.0000223760196081,Couple sans enfant avec isolé(s)
81,6,.0000744120223793,-.0001283912877267,Couple sans isolé avec enfant
81,7,.0000240064591708,-.0000103296264627,Couple avec enfant avec isolé(s)
81,8,.0000869944257269,-.0000689738650003,Autre cas
81,9,.0001653683214941,-.0000912972461205,Hors logement ordinaire
82,1,.0017097764419613,-.0005006421013449,Personne vivant seule
82,2,.0001819059808198,-.0000321448205816,Famille monoparentale
82,3,.0000229288741264,-6.83082137223e-06,Famille monoparentale avec isolé(s)
82,4,.0011764485467753,-.0015496179772045,Couple sans isolé sans enfant
82,5,.0000279439684587,-.0000244305749873,Couple sans enfant avec isolé(s)
82,6,.0000703522414039,-.0001156753330156,Couple sans isolé avec enfant
82,7,.0000242386701001,-8.84281477406e-06,Couple avec enfant avec isolé(s)
82,8,.0000776250756785,-.0000645102716251,Autre cas
82,9,.000193996590295,-.0001004691266416,Hors logement ordinaire
83,1,.0017560425144842,-.0004934268686156,Personne vivant seule
83,2,.0001754597212003,-.0000329641762441,Famille monoparentale
83,3,.0000226868874779,-6.13855005898e-06,Famille monoparentale avec isolé(s)
83,4,.0010448051028727,-.0014470317305811,Couple sans isolé sans enfant
83,5,.0000313173435523,-.0000197401849273,Couple sans enfant avec isolé(s)
83,6,.0000633821536323,-.0001032873912818,Couple sans isolé avec enfant
83,7,.0000265704047168,-9.10916552265e-06,Couple avec enfant avec isolé(s)
83,8,.0000797567840413,-.0000576374898582,Autre cas
83,9,.0002241444570427,-.0001037615888596,Hors logement ordinaire
84,1,.0017427576129171,-.0004647730325491,Personne vivant seule
84,2,.0001804382693825,-.0000309957975893,Famille monoparentale
84,3,.0000191208555186,-6.15208567015e-06,Famille monoparentale avec isolé(s)
84,4,.0009435050401013,-.0013062783691775,Couple sans isolé sans enfant
84,5,.0000317676282171,-.0000185880036258,Couple sans enfant avec isolé(s)
84,6,.0000539386585139,-.0000966086199416,Couple sans isolé avec enfant
84,7,.0000256068195975,-8.38877021731e-06,Couple avec enfant avec isolé(s)
84,8,.0000741659750474,-.0000544697056586,Autre cas
84,9,.0002565123144171,-.0001150863835343,Hors logement ordinaire
85,1,.0017279911635103,-.00044782298827,Personne vivant seule
85,2,.000185917033595,-.0000316826546581,Famille monoparentale
85,3,.0000199498365047,-4.95854555676e-06,Famille monoparentale avec isolé(s)
85,4,.0008072426440865,-.0011771417204626,Couple sans isolé sans enfant
85,5,.0000337856374461,-.0000169183107907,Couple sans enfant avec isolé(s)
85,6,.0000478241717637,-.0000810210101241,Couple sans isolé avec enfant
85,7,.0000254210809332,-8.64248772882e-06,Couple avec enfant avec isolé(s)
85,8,.0000689965747479,-.0000503470592891,Autre cas
85,9,.0002992352151241,-.0001177289860207,Hors logement ordinaire
86,1,.001674300056285,-.0004284434521824,Personne vivant seule
86,2,.0001723636757399,-.0000273681034014,Famille monoparentale
86,3,.0000172055665388,-4.26928215710e-06,Famille monoparentale avec isolé(s)
86,4,.0006762484583328,-.0010184763840131,Couple sans isolé sans enfant
86,5,.0000351643146411,-.0000152477155816,Couple sans enfant avec isolé(s)
86,6,.0000386277767468,-.0000750811327579,Couple sans isolé avec enfant
86,7,.0000249885429586,-6.69636763466e-06,Couple avec enfant avec isolé(s)
86,8,.0000659858036377,-.0000421044736724,Autre cas
86,9,.0003464692342409,-.0001219125426404,Hors logement ordinaire
87,1,.0015760000865305,-.0003947462473959,Personne vivant seule
87,2,.0001640986811669,-.0000293796456162,Famille monoparentale
87,3,.00001659947195,-4.74483329603e-06,Famille monoparentale avec isolé(s)
87,4,.0005405559115481,-.000888012794217,Couple sans isolé sans enfant
87,5,.0000356795702394,-.0000143524101009,Couple sans enfant avec isolé(s)
87,6,.0000294205532411,-.000057448442489,Couple sans isolé avec enfant
87,7,.0000203277808475,-7.06468665402e-06,Couple avec enfant avec isolé(s)
87,8,.0000568913768917,-.0000374539384675,Autre cas
87,9,.0003875865106724,-.000126245893357,Hors logement ordinaire
88,1,.0014607039010231,-.000349835841529,Personne vivant seule
88,2,.0001493978042763,-.0000251451048611,Famille monoparentale
88,3,.0000156957443112,-3.65205828798e-06,Famille monoparentale avec isolé(s)
88,4,.0004184176249925,-.0007342097500893,Couple sans isolé sans enfant
88,5,.0000360921055886,-.0000103670749869,Couple sans enfant avec isolé(s)
88,6,.0000220809432847,-.0000496128275813,Couple sans isolé avec enfant
88,7,.0000208516089996,-5.86272438258e-06,Couple avec enfant avec isolé(s)
88,8,.0000535258223734,-.0000299523523642,Autre cas
88,9,.0004079079749014,-.0001341824237658,Hors logement ordinaire
89,1,.0013219981767974,-.0003113862836625,Personne vivant seule
89,2,.0001380402233435,-.0000233277234687,Famille monoparentale
89,3,.0000148287132182,-2.66636500381e-06,Famille monoparentale avec isolé(s)
89,4,.0003207193883521,-.0005928982703186,Couple sans isolé sans enfant
89,5,.0000357326599143,-.0000108724044704,Couple sans enfant avec isolé(s)
89,6,.0000164397517382,-.000038470914053,Couple sans isolé avec enfant
89,7,.0000160788021072,-4.64827926972e-06,Couple avec enfant avec isolé(s)
89,8,.0000472225890452,-.0000260931992254,Autre cas
89,9,.000435240284131,-.0001272514388709,Hors logement ordinaire
90,1,.0011530245700716,-.0002798813966977,Personne vivant seule
90,2,.0001246070316363,-.0000223842913705,Famille monoparentale
90,3,.0000126157911884,-3.31096088663e-06,Famille monoparentale avec isolé(s)
90,4,.0002433054682078,-.0004657627865166,Couple sans isolé sans enfant
90,5,.000035713559663,-9.42108616216e-06,Couple sans enfant avec isolé(s)
90,6,.0000125705220889,-.0000303438323182,Couple sans isolé avec enfant
90,7,.0000159130660682,-4.22010276987e-06,Couple avec enfant avec isolé(s)
90,8,.0000380084473382,-.0000229181960331,Autre cas
90,9,.0004529895310516,-.0001190196817431,Hors logement ordinaire
91,1,.0009892387119184,-.0002383945980815,Personne vivant seule
91,2,.0001062309355231,-.0000199757045615,Famille monoparentale
91,3,.0000129484664317,-2.93181337833e-06,Famille monoparentale avec isolé(s)
91,4,.0001689740579128,-.0003561688532017,Couple sans isolé sans enfant
91,5,.0000344997161329,-8.74159848168e-06,Couple sans enfant avec isolé(s)
91,6,.00001031022542,-.0000214945505299,Couple sans isolé avec enfant
91,7,.0000136111097961,-3.82997637696e-06,Couple avec enfant avec isolé(s)
91,8,.0000345297952688,-.0000179634103684,Autre cas
91,9,.0004567975496594,-.0001192682858015,Hors logement ordinaire
92,1,.0008440195012044,-.0001964260821035,Personne vivant seule
92,2,.0000931087620814,-.0000176414132183,Famille monoparentale
92,3,8.80837416343e-06,-2.30872407770e-06,Famille monoparentale avec isolé(s)
92,4,.0001233461142585,-.0002664139147756,Couple sans isolé sans enfant
92,5,.0000300893628283,-7.43345686043e-06,Couple sans enfant avec isolé(s)
92,6,6.54792709888e-06,-.000014802995557,Couple sans isolé avec enfant
92,7,.0000120307519948,-4.20536399327e-06,Couple avec enfant avec isolé(s)
92,8,.000033110210449,-.0000138085793234,Autre cas
92,9,.0004602226608668,-.0001116164544143,Hors logement ordinaire
93,1,.0006920900864532,-.0001589901911175,Personne vivant seule
93,2,.0000823966794055,-.0000133489701265,Famille monoparentale
93,3,7.42518509805e-06,-1.55915201052e-06,Famille monoparentale avec isolé(s)
93,4,.0000780693445161,-.0001965949764517,Couple sans isolé sans enfant
93,5,.0000272947103098,-6.64778983014e-06,Couple sans enfant avec isolé(s)
93,6,4.07692608288e-06,-.0000137502257997,Couple sans isolé avec enfant
93,7,.0000104625762435,-2.74186363498e-06,Couple avec enfant avec isolé(s)
93,8,.0000226653808957,-.0000121420447977,Autre cas
93,9,.0004302263929642,-.0001026101595365,Hors logement ordinaire
94,1,.0005550689442348,-.000125524445282,Personne vivant seule
94,2,.0000674058396446,-.0000121351265964,Famille monoparentale
94,3,5.94709635884e-06,-1.50666391834e-06,Famille monoparentale avec isolé(s)
94,4,.0000571661497984,-.0001347749827434,Couple sans isolé sans enfant
94,5,.0000283342452473,-6.29255523490e-06,Couple sans enfant avec isolé(s)
94,6,3.43172861735e-06,-8.63421596644e-06,Couple sans isolé avec enfant
94,7,7.97758842926e-06,-2.44814087270e-06,Couple avec enfant avec isolé(s)
94,8,.0000187001988028,-8.23566741547e-06,Autre cas
94,9,.0004020541238639,-.0000875654781223,Hors logement ordinaire
95,1,.0004262530895046,-.0001015918303899,Personne vivant seule
95,2,.0000544736159463,-8.70956420192e-06,Famille monoparentale
95,3,4.44193639730e-06,-8.79363538683e-07,Famille monoparentale avec isolé(s)
95,4,.0000320245040379,-.0000924510817745,Couple sans isolé sans enfant
95,5,.0000226401144215,-3.89449612351e-06,Couple sans enfant avec isolé(s)
95,6,1.93318606571e-06,-6.74735177005e-06,Couple sans isolé avec enfant
95,7,6.10125193044e-06,-1.90295653411e-06,Couple avec enfant avec isolé(s)
95,8,.000017509666603,-7.16906125567e-06,Autre cas
95,9,.0003559131805464,-.0000738131467831,Hors logement ordinaire
96,1,.0002977083981847,-.0000689893557553,Personne vivant seule
96,2,.0000392063489263,-6.94978435480e-06,Famille monoparentale
96,3,3.09634625182e-06,-6.70163148344e-07,Famille monoparentale avec isolé(s)
96,4,.0000210693819437,-.0000542594524985,Couple sans isolé sans enfant
96,5,.0000186531249551,-3.94126917987e-06,Couple sans enfant avec isolé(s)
96,6,1.37807561227e-06,-3.82561490225e-06,Couple sans isolé avec enfant
96,7,6.45618573432e-06,-7.27764693635e-07,Couple avec enfant avec isolé(s)
96,8,.0000107480272434,-3.41849379755e-06,Autre cas
96,9,.0002953668878488,-.000052731733185,Hors logement ordinaire
97,1,.0001947387929739,-.0000412697776506,Personne vivant seule
97,2,.0000275230109514,-4.74663804419e-06,Famille monoparentale
97,3,2.58124104916e-06,-4.14640888686e-07,Famille monoparentale avec isolé(s)
97,4,.0000111768053259,-.0000310171537758,Couple sans isolé sans enfant
97,5,.0000129171841304,-1.95634700037e-06,Couple sans enfant avec isolé(s)
97,6,9.08389904847e-07,-2.35880583901e-06,Couple sans isolé avec enfant
97,7,3.12341747415e-06,-1.16631849538e-06,Couple avec enfant avec isolé(s)
97,8,6.48310656097e-06,-2.49867382105e-06,Autre cas
97,9,.0002151772650416,-.0000389921854785,Hors logement ordinaire
98,1,.0001190407371383,-.0000267734388843,Personne vivant seule
98,2,.0000185937186616,-3.28479203837e-06,Famille monoparentale
98,3,1.54531560800e-06,-3.05002438250e-07,Famille monoparentale avec isolé(s)
98,4,5.22670105350e-06,-.0000173848381889,Couple sans isolé sans enfant
98,5,9.49252410998e-06,-1.55178262222e-06,Couple sans enfant avec isolé(s)
98,6,4.97358512472e-07,-1.56381427659e-06,Couple sans isolé avec enfant
98,7,2.27142594916e-06,-5.53756892326e-07,Couple avec enfant avec isolé(s)
98,8,4.38659078720e-06,-1.66909125232e-06,Autre cas
98,9,.0001450348256108,-.0000270097104969,Hors logement ordinaire
99,1,.0000689356644976,-.0000148398424985,Personne vivant seule
99,2,.0000130696853495,-1.98823088445e-06,Famille monoparentale
99,3,1.14135281256e-06,-2.35820425629e-07,Famille monoparentale avec isolé(s)
99,4,2.60274763134e-06,-8.44757492804e-06,Couple sans isolé sans enfant
99,5,5.31483292176e-06,-8.51389942275e-07,Couple sans enfant avec isolé(s)
99,6,3.99450925045e-07,-1.19023140844e-06,Couple sans isolé avec enfant
99,7,1.83918876596e-06,-3.69371789123e-07,Couple avec enfant avec isolé(s)
99,8,3.10912988459e-06,-1.10495705810e-06,Autre cas
99,9,.0000988535762512,-.0000139731121969,Hors logement ordinaire
100,1,.0000377745820564,-7.86584443931e-06,Personne vivant seule
100,2,7.06453625834e-06,-8.68384654071e-07,Famille monoparentale
100,3,6.98136744752e-07,-1.49192514174e-07,Famille monoparentale avec isolé(s)
100,4,1.32784345528e-06,-5.07645576957e-06,Couple sans isolé sans enfant
100,5,3.94939054657e-06,-5.79324157860e-07,Couple sans enfant avec isolé(s)
100,6,3.16582905580e-07,-8.59962496013e-07,Couple sans isolé avec enfant
100,7,6.47904587762e-07,-3.54482616842e-07,Couple avec enfant avec isolé(s)
100,8,1.55208341358e-06,-6.72268687859e-07,Autre cas
100,9,.000057789690286,-9.01261149634e-06,Hors logement ordinaire
101,1,.0000270267052087,-5.07991487020e-06,Personne vivant seule
101,2,3.96578367565e-06,-1.41311780562e-06,Famille monoparentale
101,3,6.38880846985e-07,-9.95619399022e-08,Famille monoparentale avec isolé(s)
101,4,6.19479804316e-07,-2.73554701644e-06,Couple sans isolé sans enfant
101,5,3.35983948250e-06,-3.47564415580e-07,Couple sans enfant avec isolé(s)
101,6,1.56411506795e-07,-4.65775419754e-07,Couple sans isolé avec enfant
101,7,8.84476991789e-07,-1.25730788154e-07,Couple avec enfant avec isolé(s)
101,8,1.79677718431e-06,-4.98110490870e-07,Autre cas
101,9,.0000443217571769,-5.23316806773e-06,Hors logement ordinaire
102,1,.0000175404977173,-4.18536136788e-06,Personne vivant seule
102,2,3.53369688813e-06,-4.67880959268e-07,Famille monoparentale
102,3,4.91493080967e-07,-1.12646364028e-07,Famille monoparentale avec isolé(s)
102,4,5.04577505093e-07,-2.12193264362e-06,Couple sans isolé sans enfant
102,5,1.96988261154e-06,-3.52828264366e-07,Couple sans enfant avec isolé(s)
102,6,9.92611485429e-08,-3.43503732230e-07,Couple sans isolé avec enfant
102,7,5.77218618345e-07,-1.83783520484e-07,Couple avec enfant avec isolé(s)
102,8,1.16767205650e-06,-3.25456250677e-07,Autre cas
102,9,.0000339256558238,-4.40975172186e-06,Hors logement ordinaire
103,1,.0000123772636406,-1.64487754790e-06,Personne vivant seule
103,2,2.54424371197e-06,-4.55398117861e-07,Famille monoparentale
103,3,3.35382365531e-07,-4.66226606793e-08,Famille monoparentale avec isolé(s)
103,4,2.61688482522e-07,-1.52907287460e-06,Couple sans isolé sans enfant
103,5,2.08012264469e-06,-2.11907512571e-07,Couple sans enfant avec isolé(s)
103,6,6.82796385432e-08,-4.30131643686e-08,Couple sans isolé avec enfant
103,7,5.20218655773e-07,-2.32060533639e-07,Couple avec enfant avec isolé(s)
103,8,1.36905187149e-06,-2.85150208542e-07,Autre cas
103,9,.0000261306477496,-2.61372651595e-06,Hors logement ordinaire
104,1,7.19026704650e-06,-1.99409631596e-06,Personne vivant seule
104,2,2.20871095076e-06,-5.85039193685e-08,Famille monoparentale
104,3,3.25907437716e-07,-1.19263773931e-07,Famille monoparentale avec isolé(s)
104,4,5.33303079899e-07,-5.28490418151e-07,Couple sans isolé sans enfant
104,5,1.06765892955e-06,-3.02896898736e-07,Couple sans enfant avec isolé(s)
104,6,1.48891722814e-08,-4.58706822812e-08,Couple sans isolé avec enfant
104,7,2.96730675872e-07,0,Couple avec enfant avec isolé(s)
104,8,7.20244909655e-07,-2.52965533105e-07,Autre cas
104,9,.0000172736957817,-1.99695383387e-06,Hors logement ordinaire
105,1,4.25965683361e-06,-8.33041669363e-07,Personne vivant seule
105,2,1.32814424664e-06,-1.83332333445e-07,Famille monoparentale
105,3,8.36199978634e-08,-3.71477328638e-08,Famille monoparentale avec isolé(s)
105,4,4.81266174754e-08,-8.02812137761e-07,Couple sans isolé sans enfant
105,5,5.39469302763e-07,-1.21068522086e-07,Couple sans enfant avec isolé(s)
105,6,1.53403593203e-08,-9.18917602420e-08,Couple sans isolé avec enfant
105,7,5.60975884947e-08,0,Couple avec enfant avec isolé(s)
105,8,7.34532499218e-07,-3.30569703784e-07,Autre cas
105,9,.0000101726133732,-9.27941343197e-07,Hors logement ordinaire
106,1,2.97347298158e-06,-8.02360950722e-07,Personne vivant seule
106,2,2.10553951455e-07,-2.59733338687e-07,Famille monoparentale
106,3,1.23775644319e-07,-4.01556464560e-08,Famille monoparentale avec isolé(s)
106,4,1.21820500485e-07,-2.92970783881e-07,Couple sans isolé sans enfant
106,5,3.82155421890e-07,-9.80579831060e-08,Couple sans enfant avec isolé(s)
106,6,0,0,Couple sans isolé avec enfant
106,7,5.77519409704e-08,0,Couple avec enfant avec isolé(s)
106,8,7.51978398053e-08,-7.61002138829e-08,Autre cas
106,9,5.92604096369e-06,-5.20218655773e-07,Hors logement ordinaire
107,1,1.42093838096e-06,-4.74197577812e-07,Personne vivant seule
107,2,2.08749203299e-07,-3.86516896599e-08,Famille monoparentale
107,3,6.97835953393e-08,0,Famille monoparentale avec isolé(s)
107,4,1.57163485193e-07,-3.49369163735e-07,Couple sans isolé sans enfant
107,5,4.66527398152e-07,-8.72294941741e-08,Couple sans enfant avec isolé(s)
107,6,1.30994636941e-07,-1.54907549999e-08,Couple sans isolé avec enfant
107,7,1.55509132717e-07,-4.70738477181e-08,Couple avec enfant avec isolé(s)
107,8,1.70699096358e-07,-1.21670104805e-07,Autre cas
107,9,3.07092938197e-06,-1.54005175921e-07,Hors logement ordinaire
108,1,9.68548176692e-07,-2.55371863979e-07,Personne vivant seule
108,2,5.17361137860e-08,-4.16596032521e-08,Famille monoparentale
108,3,0,-8.70790984945e-08,Famille monoparentale avec isolé(s)
108,4,3.92532723783e-08,-7.23403218927e-08,Couple sans isolé sans enfant
108,5,1.27836327669e-08,-5.95566891258e-08,Couple sans enfant avec isolé(s)
108,6,5.15857181064e-08,0,Couple sans isolé avec enfant
108,7,1.31145032620e-07,-1.51899636407e-08,Couple avec enfant avec isolé(s)
108,8,2.20780857668e-07,0,Autre cas
108,9,1.31581180091e-06,-3.75989199026e-08,Hors logement ordinaire
109,1,5.42477216355e-07,-2.50859993590e-07,Personne vivant seule
109,2,8.19656453877e-08,0,Famille monoparentale
109,3,0,0,Famille monoparentale avec isolé(s)
109,4,9.27941343197e-08,-4.25619773298e-08,Couple sans isolé sans enfant
109,5,8.19656453877e-08,0,Couple sans enfant avec isolé(s)
109,6,0,0,Couple sans isolé avec enfant
109,7,0,-4.43667254851e-08,Couple avec enfant avec isolé(s)
109,8,8.79814725721e-08,0,Autre cas
109,9,8.49134007081e-07,-2.21984023105e-07,Hors logement ordinaire
110,1,3.65010314415e-07,-2.77179237522e-07,Personne vivant seule
110,2,9.36965083973e-08,0,Famille monoparentale
110,3,5.27888835433e-08,-7.44458614072e-08,Famille monoparentale avec isolé(s)
110,4,0,-2.15065821843e-08,Couple sans isolé sans enfant
110,5,5.51952144171e-08,0,Couple sans enfant avec isolé(s)
110,6,3.01242546260e-07,-1.75210966746e-07,Couple sans isolé avec enfant
110,7,0,-1.13097551067e-07,Couple avec enfant avec isolé(s)
110,8,8.99366164071e-08,-8.70790984945e-08,Autre cas
110,9,3.54633012522e-07,-7.51978398053e-08,Hors logement ordinaire
111,1,2.64094813396e-07,-1.76865319222e-07,Personne vivant seule
111,2,0,0,Famille monoparentale
111,3,0,0,Famille monoparentale avec isolé(s)
111,4,5.11345310676e-08,-6.55725163102e-08,Couple sans isolé sans enfant
111,5,9.45988824750e-08,-1.19263773931e-07,Couple sans enfant avec isolé(s)
111,6,1.65284851892e-07,-1.53253197523e-07,Couple sans isolé avec enfant
111,7,0,-1.23174061601e-07,Couple avec enfant avec isolé(s)
111,8,7.57994225237e-08,-1.42274312912e-07,Autre cas
111,9,7.47466527664e-08,0,Hors logement ordinaire
112,1,2.20780857668e-07,-3.53580242764e-07,Personne vivant seule
112,2,4.21107902909e-08,0,Famille monoparentale
112,3,8.73798898537e-08,0,Famille monoparentale avec isolé(s)
112,4,1.08736076358e-07,0,Couple sans isolé sans enfant
112,5,0,-4.57202866016e-08,Couple sans enfant avec isolé(s)
112,6,3.69973371842e-08,-1.91002513105e-08,Couple sans isolé avec enfant
112,7,0,0,Couple avec enfant avec isolé(s)
112,8,0,0,Autre cas
112,9,9.02374077663e-08,0,Hors logement ordinaire
113,1,3.19741214852e-07,-6.19630199995e-08,Personne vivant seule
113,2,4.03060421356e-08,-4.10580205337e-08,Famille monoparentale
113,3,4.90289915530e-08,0,Famille monoparentale avec isolé(s)
113,4,8.72294941741e-08,-2.80487942474e-07,Couple sans isolé sans enfant
113,5,8.45223719411e-08,-1.14601507863e-07,Couple sans enfant avec isolé(s)
113,6,0,-5.02321569899e-08,Couple sans isolé avec enfant
113,7,0,0,Couple avec enfant avec isolé(s)
113,8,0,0,Autre cas
113,9,3.72981285434e-07,0,Hors logement ordinaire
114,1,2.78833589998e-07,-9.27941343197e-08,Personne vivant seule
114,2,3.69973371842e-08,0,Famille monoparentale
114,3,4.90289915530e-08,-1.15804673300e-07,Famille monoparentale avec isolé(s)
114,4,1.03171436213e-07,-8.84326596110e-08,Couple sans isolé sans enfant
114,5,1.60321794465e-07,-4.57202866016e-08,Couple sans enfant avec isolé(s)
114,6,0,-6.30157897568e-08,Couple sans isolé avec enfant
114,7,0,0,Couple avec enfant avec isolé(s)
114,8,4.04564378152e-08,-4.64722649996e-08,Autre cas
114,9,7.45962570868e-08,0,Hors logement ordinaire
115,1,3.51775494609e-07,-6.16772682083e-07,Personne vivant seule
115,2,0,0,Famille monoparentale
115,3,6.37677681549e-08,-1.47387766018e-08,Famille monoparentale avec isolé(s)
115,4,5.46086712666e-07,-1.67841578445e-07,Couple sans isolé sans enfant
115,5,4.37651427667e-08,-2.64997187474e-07,Couple sans enfant avec isolé(s)
115,6,2.52664741746e-07,-1.92205678542e-07,Couple sans isolé avec enfant
115,7,0,0,Couple avec enfant avec isolé(s)
115,8,4.31635600482e-08,-2.27999850290e-07,Autre cas
115,9,0,-3.75989199026e-08,Hors logement ordinaire
116,1,7.89878109314e-07,-7.11371564558e-08,Personne vivant seule
116,2,9.98627312614e-08,-5.30896749025e-08,Famille monoparentale
116,3,4.90289915530e-08,0,Famille monoparentale avec isolé(s)
116,4,3.63807148978e-07,-4.09226644220e-07,Couple sans isolé sans enfant
116,5,4.08925852861e-07,-3.57189739075e-07,Couple sans enfant avec isolé(s)
116,6,5.76015452908e-08,-1.55809924076e-07,Couple sans isolé avec enfant
116,7,0,-1.71300679076e-07,Couple avec enfant avec isolé(s)
116,8,4.02910025677e-07,-6.82495594072e-07,Autre cas
116,9,6.88812212616e-08,0,Hors logement ordinaire
117,1,4.54495743783e-07,-5.32551101501e-07,Personne vivant seule
117,2,0,0,Famille monoparentale
117,3,0,0,Famille monoparentale avec isolé(s)
117,4,3.67567040968e-07,-2.94023553639e-07,Couple sans isolé sans enfant
117,5,4.97960095190e-07,-6.22938904947e-07,Couple sans enfant avec isolé(s)
117,6,1.81677980969e-07,-1.04374601650e-07,Couple sans isolé avec enfant
117,7,0,-8.15144583489e-08,Couple avec enfant avec isolé(s)
117,8,1.00434234844e-06,-1.13142669771e-06,Autre cas
117,9,1.50395679611e-08,-7.51978398053e-08,Hors logement ordinaire
118,1,1.51899636407e-08,-3.77493155822e-08,Personne vivant seule
118,2,0,0,Famille monoparentale
118,3,0,0,Famille monoparentale avec isolé(s)
118,4,0,0,Couple sans isolé sans enfant
118,5,6.48205379121e-08,0,Couple sans enfant avec isolé(s)
118,6,7.00843866985e-08,0,Couple sans isolé avec enfant
118,7,0,0,Couple avec enfant avec isolé(s)
118,8,0,0,Autre cas
118,9,0,0,Hors logement ordinaire
119,1,1.36709672766e-07,0,Personne vivant seule
119,2,0,0,Famille monoparentale
119,3,0,0,Famille monoparentale avec isolé(s)
119,4,0,0,Couple sans isolé sans enfant
119,5,6.48205379121e-08,0,Couple sans enfant avec isolé(s)
119,6,0,0,Couple sans isolé avec enfant
119,7,0,0,Couple avec enfant avec isolé(s)
119,8,4.39155384463e-08,0,Autre cas
119,9,0,0,Hors logement ordinaire
120,1,3.23952293881e-07,-3.55535386599e-07,Personne vivant seule
120,2,0,0,Famille monoparentale
120,3,1.07232119562e-07,-5.35408619413e-08,Famille monoparentale avec isolé(s)
120,4,1.26031579514e-07,-1.26031579514e-07,Couple sans isolé sans enfant
120,5,4.51187038832e-08,-7.51978398053e-08,Couple sans enfant avec isolé(s)
120,6,1.85437872960e-07,-7.51978398053e-08,Couple sans isolé avec enfant
120,7,0,0,Couple avec enfant avec isolé(s)
120,8,3.36585530968e-07,-3.39743840240e-07,Autre cas
120,9,0,0,Hors logement ordinaire
